id,toxic,severe_toxic,obscene,threat,insult,identity_hate
0001aaaa,0.9296573,0.111915484,0.5992641,0.025672585,0.63499475,0.13019767
